group,chat_input,chat_response,chat_bot_type
qa,What is the survival rate of Covid-19,20-30 per thousand people diagnosed,qa
qa,What are the main symptoms of Covid-19,there is no evidence to support transmission of COVID-19 associated with food,qa
qa,Where did Covid-19 originate,it is only passing person-to-person currently,qa
qa,What's the best way to prevent Covid-19,avoid being exposed to the virus and use good hand hygiene,qa
qa,How do I know if I have Covid-19,"regular and thorough hand washing, proper coughing and sneezing as well as keeping your distance from sick persons",qa
qa,How is covid transmitted,contact with respiratory droplets rather than through the air,qa
qa,How can we contain covid,there is no evidence to support transmission of COVID-19 through imported goods.,qa
qa,How long do we self isolate for,14 days,qa
qa,Can we still socialise,There is still a lot to learn about how weather and temperature impact spread,qa
qa,How infectious is it,whether infectious virus is present in extrapulmonary specimens is currently unknown,qa
qa,How is covid transmitted to humans,camels,qa
qa,Will the COVID-19 vaccine become a yearly vaccine like the flu vaccine,"At this time, there is no vaccine for COVID-19",qa
qa,Is the government still helping provide medical equipment for states who's cases of coronavirus have suddenly spiked,"As in any public health event, our Medical and Health Coordination Center has been activated and is coordinating response efforts across the state and preparing for possible community transmission",qa
qa,Is coronavirus compared to the spanish flu pandemic,Coronaviruses are types of viruses that cause illnesses.,qa
qa,Do face masks actually help the spread of coronavirus,Communicating the facts that viruses do not target specific racial or ethnic groups and how COVID-19 actually spreads can help stop stigma,qa
qa,How many people in the United States have been infected with the coronavirus,"We cannot anticipate the impact this will have on Germany. It could be more severe than a serious wave of influenza; progression could, however, also be much milder. There is no way to predict this",qa
qa,When will the first vaccine make ways to the people,"At this time, there is no vaccine for COVID-19",qa
qa,What is the recovery period of someone with Covid,"the quarantine period is 14 days, or two weeks, from date of possible exposure",qa
qa,Have you had coronavirus,"contact their competent health office, get in touch with the doctor or call 116117",qa
qa,What is the most effective way to combat COVID,Treatment of the infection depends on the severity of the disease presentation,qa
qa,How do you prevent transmission,there is no evidence to support transmission of COVID-19 through imported goods,qa
qa,Do I have coronavirus,We have guidance available for people who have or think they may have COVID-19,qa
qa,When will a vaccine be ready,"At this time, there is no vaccine for COVID-19",qa
qa,What is the guidance,What to do if you have confirmed or suspected coronavirus disease (COVID-19) (PDF) .,qa
qa,What is the most common way to transmit COVID,respiratory droplets that come from coughing or sneezing,qa
qa,Will you die from covid if you get it,"stay at home except when you need to get medical care. If you experience difficulty breathing or shortness of breath, persistent pain or pressure in the chest, new confusion or inability to arouse, bluish lips or face",qa
qa,How many countries have Covid,"strict and increasingly more drastic restrictions in international air and other travel, worldwide restrictions on admission, quarantine measures and restrictions on public life in many countries",qa
qa,"If cases are rising, does that mean that people are not following the proper guidelines or are things like the climate another factor",it is still adults who make up most of the cases we are seeing today,qa
qa,Can't open the PDF,What to do if you have confirmed or suspected coronavirus disease (COVID-19) (PDF) . What to do if you were potentially exposed to someone with confirmed coronavirus disease (COVID-19) (PDF). What to do if you have symptoms of coronavirus disease 2019 (COVID-19) and have not been around anyone who has been diagnosed with COVID-19,qa
qa,Who is most vunerable,children do not appear to be at higher risk for COVID-19 than adults,qa
qa,Are children more at risk of dying than adults are,children do not appear to be at higher risk for COVID-19 than adults,qa
qa,How many people have caught COVID,"We cannot anticipate the impact this will have on Germany. It could be more severe than a serious wave of influenza; progression could, however, also be much milder. There is no way to predict this",qa
qa,Where did Covid originate,it is only passing person-to-person currently,qa
qa,What is the most common symptom,"avoiding non-essential gatherings avoiding common greetings, such as handshakes avoiding crowded places such as concerts, arenas, conferences and festivals limiting contact with people at higher risk like older adults and those in poor health keeping a distance of at least 2 arms-length (approximately 6 feet) from others",qa
qa,Can you catch COVID from people not showing symptoms,The disease can spread from person to person through small droplets from the nose or mouth which are spread when a person with COVID-19 coughs or exhales.,qa
qa,Are schools hotspots in terms of transmission,Depending on local circumstances,qa
qa,"Hi, who are you",only wear a face mask if a healthcare professional recommends it,qa
qa,How many cases globally,See the situation updates for the latest available information,qa
qa,Should I wear a face mask indoors,only wear a face mask if a healthcare professional recommends it,qa
qa,wasn't coronavirus caused by chinese eating bats,It is currently assumed that SARS-CoV-2 was spread to human beings from bats,qa
qa,"Hello, what is the best way to prevent catching Covid 19",avoid being exposed to the virus and use good hand hygiene,qa
qa,Why does an area being well ventilated help to prevent the spread of Covid-19,avoid being exposed to the virus and use good hand hygiene,qa
qa,How can I avoid being exposed to the virus,"regular and thorough hand washing, proper coughing and sneezing as well as keeping your distance from sick persons",qa
qa,why dont we just cull all bats,The risk of catching COVID-19 from someone with no symptoms at all is very low,qa
qa,Should I avoid people,"regular and thorough hand washing, proper coughing and sneezing as well as keeping your distance from sick persons",qa
qa,Has the virus mutated and become more lethal or infectious since it was first discovered,"Unlike SARS, in Covid-19, patients become highly infectious before they become seriously ill",qa
qa,How common is asymptomatic infection,it is not yet known what role asymptomatic infection plays in transmission,qa
qa,how does that work though,"They have the same symptoms, though it may be milder in children",qa
qa,How do I know i'm sick,There is still a lot to learn about how weather and temperature impact spread,qa
qa,Why do some people suffer from coronavirus and others show no symptoms,"It has shown some promise in a few cases, but needs to be tested among many more people",qa
qa,children pass on to adults,"children do not appear to be at higher risk for COVID-19 than adults. While some children and infants have been sick with COVID-19, adults make up most of the known cases to date",qa
qa,How often should I wash my hands,"regular and thorough hand washing, proper coughing and sneezing as well as keeping your distance from sick persons",qa
qa,Is weather related to covid spread,it is not known whether the spread of COVID-19 will decrease when weather becomes warmer,qa
qa,What is ICP,guidance available for people who have or think they may have COVID-19,qa
qa,Do the gaps in masks (above the nose) mean that you're still spreading infected droplets,"Masks slow the spread of COVID-19 because they help keep people who are infected from spreading respiratory droplets to others when they cough, sneeze, or talk. Medical masks and N-95 respirators are for healthcare workers and other first responders, as recommended by current CDC guidance. Some people shouldn't wear masks: Children younger than 2 years old, Anyone who has trouble breathing, Anyone who is unconscious, incapacitated, or otherwise unable to remove the mask without help",qa
qa,Where did covid-19 originate from,someone who has been released from quarantine is not at risk of spreading it to others because they did not develop COVID-19 during that period,qa
qa,What is Covid-19,guidance available for people who have or think they may have COVID-19:. What to do if you have confirmed or suspected coronavirus disease (COVID-19) (PDF) . What to do if you were potentially exposed to someone with confirmed coronavirus disease (COVID-19) (PDF). What to do if you have symptoms of coronavirus disease 2019,qa
qa,How can I avoid spreading Covid-19,"regular and thorough hand washing, proper coughing and sneezing as well as keeping your distance from sick persons",qa
qa,what are the symptoms of covid-19,We have guidance available for people who have or think they may have COVID-19:. What to do if you have confirmed or suspected coronavirus disease (COVID-19) (PDF) . What to do if you were potentially exposed to someone with confirmed coronavirus disease (COVID-19) (PDF). What to do if you have symptoms of coronavirus disease 2019 (COVID-19) and have not been around anyone who has been diagnosed with COVID-19 (PDF),qa
qa,What is that supposed to mean,detection of viral RNA does not necessarily mean that infectious virus is present,qa
qa,how is covid-19 transmitted,contact with respiratory droplets rather than through the air,qa
qa,Why shouldn't children under 2 years old wear a mask,Some people shouldn't wear masks,qa
qa,What are the symptoms of covid-19,We have guidance available for people who have or think they may have COVID-19:. What to do if you have confirmed or suspected coronavirus disease (COVID-19) (PDF) . What to do if you were potentially exposed to someone with confirmed coronavirus disease (COVID-19) (PDF). What to do if you have symptoms of coronavirus disease 2019 (COVID-19) and have not been around anyone who has been diagnosed with COVID-19 (PDF),qa
qa,how can you prevent the transmission of covid-19,"droplets released when you sneeze, cough, or talk",qa
qa,Are you just saying random things,"avoid contact with your pet, including petting, snuggling, being kissed or licked, and sharing food",qa
qa,How can i prevent spreading covid-19,"regular and thorough hand washing, proper coughing and sneezing as well as keeping your distance from sick persons",qa
qa,Why do some people with no underlying health conditions die from Covid-19,"elderly people and those with underlying health conditions (e.g. hypertension, diabetes, cardiovascular disease, chronic respiratory disease and cancer) are considered to be more at risk of developing severe symptoms.",qa
qa,what is the incubation period for covid-19,are not yet known,qa
qa,If no action is taken will the disease eventually die out,stay calm and put your preparedness plan into action,qa
qa,What is IPC,guidance available for people who have or think they may have COVID-19,qa
qa,Are you supposed to be helping,CDC's health communication resources. CDC information on stigma and COVID-19. CDC information on COVID-19 and children.,qa
qa,how long should I wash my hands for,"regular and thorough hand washing, proper coughing and sneezing as well as keeping your distance from sick persons",qa
qa,Is there a vaccine for COVID-19,"At this time, there is no vaccine",qa
qa,Am I doing this wrong,"Some kids and infants have been sick with COVID-19, but it is still adults who make up most of the cases we are seeing today. If a child gets COVID-19, their symptoms are going to be similar to the symptoms adults get",qa
qa,How many people have died from Covid19,"It has shown some promise in a few cases, but needs to be tested among many more people",qa
qa,How far do I have to stand away from somebody who may have the disease,We have guidance available for people who have or think they may have COVID-19:. What to do if you have confirmed or suspected coronavirus disease (COVID-19) (PDF) . What to do if you were potentially exposed to someone with confirmed coronavirus disease (COVID-19) (PDF). What to do if you have symptoms of coronavirus disease 2019 (COVID-19) and have not been around anyone who has been diagnosed with COVID-19 (PDF),qa
qa,How likely is it that I will go to hospital with Covid-19,"The CDC recommends that those who have COVID-19 are isolated either at a hospital or at home, depending on how sick they are",qa
qa,Where did COVID-19 originate,it is only passing person-to-person currently,qa
qa,are ethnic minorities adversly affected,Communicating the facts that viruses do not target specific racial or ethnic groups,qa
qa,In what country was the first outbreak of COVID-19,China,qa
qa,"I have no symptoms but my test came back positive, how long should I isolate for","regular and thorough hand washing, proper coughing and sneezing as well as keeping your distance from sick persons",qa
qa,where did the virus come from,it is only passing person-to-person currently,qa
qa,Can I catch the virus from surfaces,These droplets land on objects and surfaces around the person,qa
qa,is 3ft enough space to be safe,Achieving space between individuals of approximately six feet is advisable,qa
qa,Did the virus come from markets in china,the virus likely originated from bats and may have passed through an intermediary animal source (currently unknown) in China before being transmitted to humans,qa
qa,If you catch it are you then immune,People can also catch COVID-19 if they breathe in droplets from a person with COVID-19 who coughs out or exhales droplets,qa
qa,Where does your information come from,"Iran, Italy, Japan or South Korea",qa
qa,if you have it and it clears up can you still be a carrier,the risk is still relatively low,qa
qa,Where did it come from,it is only passing person-to-person currently,qa
qa,How much is the likelihood of a 30 year old dying from covid,The likelihood of an infected person contaminating commercial goods is low,qa
qa,What are the chances of infection to me and my family if one of the classmate from my child class was suffering from Covid infection and my child was playing with her,Treatment of the infection depends on the severity of the disease presentation,qa
qa,How should i prevent myself getting sick,"regular and thorough hand washing, proper coughing and sneezing as well as keeping your distance from sick persons",qa
qa,Is staying at home the best prevention,avoid being exposed to the virus and use good hand hygiene,qa
qa,What are the chances of infection to me if I walk everyday where lots of people mostly walk or jog,"avoid going on trips, using public transport and instead work from home",qa
qa,isolate,Self-isolate for 14 days after your return,qa
qa,country,"Consult your local health authority or the Ministry of Foreign Affairs to get advice tailored for residents in your setting. . . For an updated list of areas of presumed community transmission, please refer to WHO situation reports for country classification",qa
qa,How do you feel about the Coronavirus,https://www.cdc.gov/coronavirus/2019-ncov/specific-groups/high-risk-complications.html,qa
qa,pandemic,"gloves, safety glasses, shoes, earplugs or muffs, hard hats, respirators, coveralls, etc.",qa
qa,How many people have been infected by COVID worldwide,"The risk of being infected on an airplane cannot be excluded, but is currently considered to be low for an individual traveller",qa
qa,What percentage you think I will get covid if I am following the guidance and not going outside at all.,What to do if you have confirmed or suspected coronavirus disease (COVID-19) (PDF) . What to do if you were potentially exposed to someone with confirmed coronavirus disease (COVID-19) (PDF). What to do if you have symptoms of coronavirus disease 2019 (COVID-19) and have not been around anyone who has been diagnosed with COVID-19 (PDF),qa
qa,What is covid,guidance available for people who have or think they may have COVID-19:. What to do if you have confirmed or suspected coronavirus disease,qa
qa,Have you had covid 19,call your health care provider or local public health department,qa
qa,How long should you wash your hands for,not certain how long the virus that causes COVID-19 survives on surfaces,qa
qa,How many people have been killed by COVID-19,contact your local health authority for advice,qa
qa,will the survey be based on what I have just read,"it is unclear over what period of time this will take place. We cannot anticipate the impact this will have on Germany. It could be more severe than a serious wave of influenza; progression could, however, also be much milder. There is no way to predict this",qa
qa,What hand gel should I use,"regular and thorough hand washing, proper coughing and sneezing as well as keeping your distance from sick persons",qa
qa,That doesn't answer my question,See previous answer,qa
qa,Where did it come from,it is only passing person-to-person currently,qa
qa,What should I do if I think I have COVID-19,"regular and thorough hand washing, proper coughing and sneezing as well as keeping your distance from sick persons",qa
qa,Why are you not answering my questions properly,"Before being permitted to board a departing flight, you may have your temperature taken and be asked questions about your travel history and health.",qa
qa,"You're not a very good chatbot, are you",stay at home except when you need to get medical care,qa
qa,was covid started in a lab,COVID-19 first started,qa
qa,What is the proper way to wash my hands to prevent COVID,avoid being exposed to the virus and use good hand hygiene,qa
qa,"You're useless, aren't you","If you're sick, stay at home except when you need to get medical care.",qa
qa,what are the main symptoms of covid,there is no evidence to support transmission of COVID-19 associated with food,qa
qa,What are the main symptoms,there is no evidence to support transmission of COVID-19 associated with food,qa
qa,I'm not sick,"restrict contact with pets and other animals while you are sick with COVID-19, just like you would around other people. Although there have not been reports of pets or other animals becoming sick with COVID-19, it is still recommended that people sick with COVID-19 limit contact with animals until more information is known about the virus. When possible, have another member of your household care for your animals while you are sick. If you are sick with COVID-19, avoid contact with your pet, including petting, snuggling, being kissed or licked, and sharing food",qa
qa,How safe is the new vacine.,as long as you are not sick and contagious,qa
qa,how do you catch coronavirus,call before going to the emergency room,qa
qa,How is Covid treated,there is no evidence to support transmission of COVID-19 through imported goods,qa
qa,is a high temperture a symptom,"stay calm and put your preparedness plan into action. Please stay home if you are sick, and limit contact with others as much as possible (with at least a 6 feet distance between you and another person). It is important to stay informed about the local COVID-19 situation. Please continue to practice handwashing, cover your coughs and sneezes with tissue, and frequently clean high-touch surfaces with regular household detergent and water.   It is important to also notify your workplace ASAP if your regular work schedule will need to change. Ask to work from home or take leave if your or someone in your home gets sick with COVID-19 symptom",qa
qa,How is Covid transmitted,contact with respiratory droplets rather than through the air,qa
qa,what is social distancing,"is one of the most effective ways to reduce the spread of illness during an outbreak, but it is sometimes hard to understand what this means given the vague language. What it means is to stay at home as much as possible, and limit your outside exposure",qa
qa,What is incubation time,Most estimates of the incubation period for COVID-19 range from 1-14 days,qa
qa,do cats transmit covid,"it does linger in the air for some amount of time. However, we are still not sure how long it is in the air for",qa
qa,Can you get the corona virus more than once,quarantine yourself for at least 14 days,qa
qa,Are you allowed to socialise with family.,"American citizens, lawful permanent residents, and family members (as specified in the Presidential Proclamationexternal icon) who have been in countries with a Level 3 travel health notice within 14 days prior to their arrival will be allowed to enter the United States.",qa
qa,do i need to go to hospital if i get coronavirus,"regular and thorough hand washing, proper coughing and sneezing as well as keeping your distance from sick persons",qa
qa,what is the incubation period,2–14 days,qa
qa,What are the symptoms of Coivd 19,We have guidance available for people who have or think they may have COVID-19:. What to do if you have confirmed or suspected coronavirus disease (COVID-19) (PDF) . What to do if you were potentially exposed to someone with confirmed coronavirus disease (COVID-19) (PDF). What to do if you have symptoms of coronavirus disease 2019 (COVID-19) and have not been around anyone who has been diagnosed with COVID-19 (PDF),qa
qa,Do I need to wash my hair if I travel from other country and arrive too late to take bath,"regular and thorough hand washing, proper coughing and sneezing as well as keeping your distance from sick persons",qa
qa,will i die from coronavirus,"unlike influenza, there is no vaccine and no specific treatment for the disease",qa
qa,Are there certain people who are immune to the virus,older adults (over the age of 65) and those with suppressed immune systems,qa
qa,What is Covid-19,guidance available for people who have or think they may have COVID-19:. What to do if you have confirmed or suspected coronavirus disease (COVID-19) (PDF) . What to do if you were potentially exposed to someone with confirmed coronavirus disease (COVID-19) (PDF). What to do if you have symptoms of coronavirus disease 2019,qa
qa,What is covid,guidance available for people who have or think they may have COVID-19:. What to do if you have confirmed or suspected coronavirus disease,qa
qa,what does icp mean,"it means is to stay at home as much as possible, and limit your outside exposure",qa
qa,How deadly is Covid 19,SARS was more deadly but much less infectious than COVID-19,qa
qa,What is coronavirus,guidance available for people who have or think they may have COVID-19:. What to do if you have confirmed or suspected coronavirus disease (COVID-19) (PDF) . What to do if you were potentially exposed to someone with confirmed coronavirus disease (COVID-19) (PDF). What to do if you have symptoms of coronavirus disease 2019,qa
qa,Where was Covid-19 first found,"Wuhan City, Hubei Province, China",qa
qa,How is Covid 19 spread,there is no evidence to support transmission of COVID-19 through imported goods,qa
qa,How do I avoid getting Covid-19,"regular and thorough hand washing, proper coughing and sneezing as well as keeping your distance from sick persons",qa
qa,what are the symptoms of coronavirus,We have guidance available for people who have or think they may have COVID-19:. What to do if you have confirmed or suspected coronavirus disease (COVID-19) (PDF) . What to do if you were potentially exposed to someone with confirmed coronavirus disease (COVID-19) (PDF). What to do if you have symptoms of coronavirus disease 2019 (COVID-19) and have not been around anyone who has been diagnosed with COVID-19 (PDF),qa
qa,How is covid transmitted,contact with respiratory droplets rather than through the air,qa
qa,I think 14 days is a good idea.,"There is no reason to think that any animals including pets in the United States might be a source of infection with this new coronavirus. To date, CDC has not received any reports of pets or other animals becoming sick with COVID-19. At this time, there is no evidence that companion animals including pets can spread COVID-19",qa
qa,how did it transmit so fast,respiratory droplets that come from coughing or sneezing,qa
qa,Do animals die of the corona virus,2019,qa
qa,What is the WHO,guidance available for people who have or think they may have COVID-19,qa
qa,what is IPC,guidance available for people who have or think they may have COVID-19,qa
qa,what is coronavirus,guidance available for people who have or think they may have COVID-19:. What to do if you have confirmed or suspected coronavirus disease (COVID-19) (PDF) . What to do if you were potentially exposed to someone with confirmed coronavirus disease (COVID-19) (PDF). What to do if you have symptoms of coronavirus disease 2019,qa
qa,what colour is the sky,guidance available for people who have or think they may have COVID-19:. What to do if you have confirmed or suspected coronavirus disease (COVID-19) (PDF) . What to do if you were potentially exposed to someone with confirmed coronavirus disease (COVID-19) (PDF). What to do if you have symptoms of coronavirus disease 2019 (COVID-19) and have not been around anyone who has been diagnosed with COVID-19,qa
qa,How long do you have to isolate for,Self-isolate for 14 days,qa
qa,500,"I'm sorry, but I don't seem to have a solid answer for that.. :(",qa
qa,Which areas of society are the most vulnerable to Covid 19,"most effective practice when used in combination with frequent hand-washing with soap and water, or with an alcohol-based hand sanitizer.  However, these is a shortage of available face masks for health workers",qa
qa,how did it spread across countries,it is only passing person-to-person currently,qa
qa,how long it take for a vaccine,"At this time, there is no vaccine for COVID-19",qa
qa,I'm ready,"I'm sorry, but I don't seem to have a solid answer for that.. :(",qa
qa,What do I do if I have Covid symptoms,We have guidance available for people who have or think they may have COVID-19:. What to do if you have confirmed or suspected coronavirus disease (COVID-19) (PDF) . What to do if you were potentially exposed to someone with confirmed coronavirus disease (COVID-19) (PDF). What to do if you have symptoms of coronavirus disease 2019 (COVID-19) and have not been around anyone who has been diagnosed with COVID-19 (PDF),qa
qa,why is there a 2m rule,"Unlike SARS, in COVID19 patients become highly infectious before they become seriously ill, explaining at least in part why Covid-19 acts like a super-SARS.  [[Would you like to know why there are two names for COVID19",qa
qa,not sure,some who are not sure how or where they became infected,qa
qa,what are the main sympons,there is no evidence to support transmission of COVID-19 associated with food,qa
qa,How is covid-19 spreading,person to person,qa
qa,What if some old person fall down walking and he is coughing and I help him will I get the infection later he is tasted positive .,"regular and thorough hand washing, proper coughing and sneezing as well as keeping your distance from sick persons",qa
qa,how did it start,it is only passing person-to-person currently,qa
qa,When was the first case of covid,The first cases are linked to a live animal market,qa
qa,What caused covid-19 infection,COVID-19 is caused by a virus,qa
qa,Where did Covid 19 start,it is only passing person-to-person currently,qa
qa,yes why are there two names for it,SARS-CoV-2 and COVID19,qa
qa,why,"It has shown some promise in a few cases, but needs to be tested among many more people",qa
qa,How did covid start,it is only passing person-to-person currently,qa
qa,Can dogs get covid,There is no evidence that companion animals (e.g. dogs or cats) pose a risk of infection to humans,qa
qa,How many cases are there currently,"It has shown some promise in a few cases, but needs to be tested among many more people",qa
qa,what can you do to prevent,We have guidance available for people who have or think they may have COVID-19:. What to do if you have confirmed or suspected coronavirus disease (COVID-19) (PDF) . What to do if you were potentially exposed to someone with confirmed coronavirus disease (COVID-19) (PDF). What to do if you have symptoms of coronavirus disease 2019 (COVID-19) and have not been around anyone who has been diagnosed with COVID-19 (PDF),qa
qa,Although minx are now proven to spread a similar virus,"The first infections were linked to a live animal market, but the virus is now spreading from person-to-person",qa
qa,What is the percentage of people who are asymptomatic of covid-19,The percentage of asymptomatic cases is unclear,qa
qa,how can i prevent covid-19 infection,"regular and thorough hand washing, proper coughing and sneezing as well as keeping your distance from sick persons",qa
qa,what is the best way to control the spread of corona virus,avoid being exposed to the virus and use good hand hygiene,qa
qa,when will there be a vaccine,"At this time, there is no vaccine for COVID-19",qa
qa,Who does covid effect the most,"pregnant women are more at risk of developing severe illness than other healthy adults from coronavirus. Currently, it is expected that most pregnant women will likely experience only mild to moderate cold and flu - like symptoms",qa
qa,Is coughing a symptom,"Please continue to practice handwashing, cover your coughs and sneezes with tissue, and frequently clean high-touch surfaces with regular household detergent and water.   It is important to also notify your workplace ASAP if your regular work schedule will need to change. Ask to work from home or take leave if your or someone in your home gets sick with COVID-19 symptom",qa
qa,Can covid survive in the fridge,"there is no evidence of food or food packaging being associated with transmission of COVID-19. Like other viruses, it is possible that the virus that causes COVID-19 can survive on surfaces or objects. For that reason, it is critical to wash your hands often, including utensils. Currently, there is no evidence of food or food packaging being associated with transmission of COVID-19",qa
qa,what are the symptoms of covid,We have guidance available for people who have or think they may have COVID-19:. What to do if you have confirmed or suspected coronavirus disease (COVID-19) (PDF) . What to do if you were potentially exposed to someone with confirmed coronavirus disease (COVID-19) (PDF). What to do if you have symptoms of coronavirus disease 2019 (COVID-19) and have not been around anyone who has been diagnosed with COVID-19,qa
qa,This is true,"The risk of catching COVID-19 from someone with no symptoms at all is very low. However, many people with COVID-19 experience only mild symptoms. This is particularly true at the early stages of the disease",qa
qa,www,"I'm sorry, but I don't seem to have a solid answer for that.. :(",qa
qa,what is the infection rate of covid-19,20-30 per thousand people diagnosed,qa
qa,why is taste and smell lost with corona virus,it was identified in the year 2019.,qa
qa,Could spread to other animals in the future.,"it is now spreading from person-to-person in China. There is no reason to think that any animals including pets in the United States might be a source of infection with this new coronavirus. To date, CDC has not received any reports of pets or other animals becoming sick with COVID-19. At this time, there is no evidence that companion animals including pets can spread COVID-19",qa
qa,What can we do to prevent getting covid,most known cases so far have primairly been adults,qa
qa,"In those people who have tested positive for covid, what is the percentage who have no symptoms",approximately 80 percent do not exhibit symptoms that would require hospitalization,qa
qa,Where did COVID-19 originate,it is only passing person-to-person currently,qa
qa,How long does Covid19 last,it is not possible to predict how long the outbreak will last,qa
qa,are there any long term effects of the virus yet,"chronic lung disease, asthma, diabetes, sickle cell anemia, weakened immune system, chemotherapy, liver cirrhosis",qa
qa,This is also true,"The risk of catching COVID-19 from someone with no symptoms at all is very low. However, many people with COVID-19 experience only mild symptoms. This is particularly true at the early stages of the disease",qa
qa,how long to wash hands,not certain how long the virus that causes COVID-19 survives on surfaces,qa
qa,How likely are children to catch corona virus,about 1 in every 5 people who catch it need hospital care,qa
qa,Is Covid19 worse than the flu,COVID-19 is a new coronavirus that we have not seen previously,qa
qa,when did the pandemic start in the UK,In 2003,qa
qa,What must be done to reduce cases,www.rki.de/ncov-handzettel,qa
qa,which part of the respiratory system does it affect,Middle East Respiratory Syndrome,qa
qa,What does SARS stand for,SARS-CoV-2 RNA may be detectable in the upper or lower respiratory tract for weeks after illness onset,qa
qa,What is the percentage of people who have no symptoms at all,checking people at the airport,qa
qa,How long is the incubation period for COVID-19,the period of quarantine is 14 days,qa
qa,how long should you wash your hands for,not certain how long the virus that causes COVID-19 survives on surfaces,qa
qa,Does wearing a face covering prevent infection,there is no evidence that face masks will effectively prevent you from being infected with the virus,qa
qa,does opening the windows help,Maintaining a six foot distance between yourself and others (who may possibly be infected) can help reduce a healthy person's risk of exposure and transmission of COVID-19.,qa
qa,Will an vaccine be effective,it needs to undergo extensive testing to determine its safety and efficacy,qa
qa,How is it spread,there is no evidence to support transmission of COVID-19 through imported goods,qa
qa,Also true,The risk of catching COVID-19 from someone with no symptoms at all is very low,qa
qa,where did it originate,it is only passing person-to-person currently,qa
qa,Is Covid19 a threat to ordinary people,worried or anxious about friends and relatives who are living in or visiting areas where COVID-19 is spreading,qa
qa,What are the main symptoms of Covid-19,there is no evidence to support transmission of COVID-19 associated with food,qa
qa,where was covid orginated from,"Wuhan City, Hubei Province, China",qa
qa,How long does the virus particles stay in the air,we are still not sure how long it is in the air for,qa
qa,How many cases of people with the virus will die,"between 15 000 and 75 000 people die prematurely due to causes associated with seasonal influenza each year in the EU, the UK, Norway, Iceland and Liechtenstein. This is approximately 1 in every 1 000 people who are infected. By comparison, the current estimated mortality rate for COVID-19 is 20-30 per 1 000 people.. . Despite the relatively low mortality rate for seasonal influenza, many people die from the disease due to the large number of people who contract it each year. The concern about COVID-19 is that, unlike influenza, there is no vaccine and no specific treatment for the disease",qa
qa,Is there a vaccine for COVID-19,"At this time, there is no vaccine",qa
qa,what is the incidence of people suffering from long covid,we are still not sure how long it is in the air for,qa
qa,Who is most at risk,children do not appear to be at higher risk for COVID-19 than adults,qa
qa,Where did COVID originate from,it is only passing person-to-person currently,qa
qa,"Hello, I need your advice.","Stay home if you can. Talk to your employer to discuss working from home, taking leave if you or someone in your household gets sick with COVID-19 symptoms, or if your child's school is dismissed temporarily.",qa
qa,will it coinfect with the flu virus,There is not enough epidemiological information at this time to determine how easily and sustainably this virus spreads between people,qa
qa,do babies get coronavirus,There have been a small number of reported problems with pregnancy or delivery (e.g. preterm birth) in babies born to mothers who tested positive for COVID-19 during their pregnancy,qa
qa,How do you get Covid-19,"stock up on supplies; take everyday precautions to keep space between yourself and others; when you go out in public, keep away from others who are sick; limit close contact and wash your hands often; and avoid crowds, cruise travel, and non-essential travel.",qa
qa,how can I prevent the spread of the virus,"regular and thorough hand washing, proper coughing and sneezing as well as keeping your distance from sick persons",qa
qa,How many people in the UK have had the virus,"depends on factors including how well it spreads between people, the severity of the illness it causes, and the medical or other measures",qa
qa,What is a coronavirus,guidance available for people who have or think they may have COVID-19:. What to do if you have confirmed or suspected coronavirus disease (COVID-19) (PDF) . What to do if you were potentially exposed to someone with confirmed coronavirus disease (COVID-19) (PDF). What to do if you have symptoms of coronavirus disease 2019 (COVID-19) and have not been around anyone who has been diagnosed with COVID-19 (PDF),qa
qa,how long should I isolate,"regular and thorough hand washing, proper coughing and sneezing as well as keeping your distance from sick persons",qa
qa,Can covid 19 mutate,The disease can spread from person to person through small droplets from the nose or mouth which are spread when a person with COVID-19 coughs or exhales.,qa
qa,What distance should you maintain without a face covering,"avoiding non-essential gatherings avoiding common greetings, such as handshakes avoiding crowded places such as concerts, arenas, conferences and festivals limiting contact with people at higher risk like older adults and those in poor health keeping a distance of at least 2 arms-length (approximately 6 feet) from others",qa
qa,When will there be a covid vaccine,"At this time, there is no vaccine for COVID-19",qa
qa,How are you dealing with the pandemic,it is not possible to predict how long the outbreak will last and how the epidemic will unfold. We are dealing with a new virus and therefore a lot of uncertainty remains,qa
qa,Can over the counter drugs help fight Covid19,Counter stigma by learning and sharing facts. Communicating the facts that viruses do not target specific racial or ethnic groups and how COVID-19 actually spreads can help stop stigma,qa
qa,how soon will a vaccine be available,"As yet, there is no vaccine available",qa
qa,how can i contract covid,"regular and thorough hand washing, proper coughing and sneezing as well as keeping your distance from sick persons",qa
qa,Is being young less chance of infection,There may be less of a chance of getting the illness by holding the hand or hugging the deceased body after it has been prepared for viewing,qa
qa,How do you avoid getting Covid-19,"stock up on supplies; take everyday precautions to keep space between yourself and others; when you go out in public, keep away from others who are sick; limit close contact and wash your hands often; and avoid crowds, cruise travel, and non-essential travel",qa
qa,What is the best way to prevent catching the virus,avoid being exposed to the virus and use good hand hygiene,qa
qa,Is Covid19 man made,COVID19 is a novel coronavirus that has been recently identified,qa
qa,What percent of critically ill patients are dying from COVID,approximately 80 percent do not exhibit symptoms that would require hospitalization,qa
qa,Does taking vitamins help prevent catching the virus,avoid being exposed to the virus and use good hand hygiene,qa
qa,Whats your name,SARS-CoV-2,qa
qa,how is covid 19 transmitted,contact with respiratory droplets rather than through the air,qa
qa,How is COVID-19 transmitted,contact with respiratory droplets rather than through the air,qa
qa,How long should we wash our hands for,We have not seen anything related to spread through food,qa
qa,How old are you,Children younger than 2 years old,qa
qa,How many people have died in the UK from the virus,"between 15 000 and 75 000 people die prematurely due to causes associated with seasonal influenza each year in the EU, the UK, Norway, Iceland and Liechtenstein. This is approximately 1 in every 1 000 people who are infected",qa
qa,what does the r rate mean,"avoiding non-essential gatherings avoiding common greetings, such as handshakes avoiding crowded places such as concerts, arenas, conferences and festivals limiting contact with people at higher risk like older adults and those in poor health keeping a distance of at least 2 arms-length (approximately 6 feet) from others",qa
qa,what temperature does coronavirus survive in,The risk of spread from products shipped over a period of days or weeks at room temperature is very low,qa
qa,What questions,you may have your temperature taken and be asked questions about your travel history and health,qa
qa,what is the percentage of people who suffer recurring symptoms over a long period of time,it is unclear over what period of time this will take place,qa
qa,Do you have kids,guidance available for people who have or think they may have COVID-19:. What to do if you have confirmed or suspected coronavirus disease (COVID-19) (PDF) . What to do if you were potentially exposed to someone with confirmed coronavirus disease (COVID-19) (PDF). What to do if you have symptoms of coronavirus disease 2019 (COVID-19) and have not been around anyone who has been diagnosed with COVID-19,qa
qa,Is there a vaccine for Covid-19,"At this time, there is no vaccine",qa
qa,I am at a high risk being overweight,there is currently no known risk with being in the same room at a funeral or visitation service with the body of someone who has died of COVID-19.,qa
qa,I think so,symptoms tend to develop between 1-14 days since exposure,qa
qa,Do you have feelings,guidance available for people who have or think they may have COVID-19:. What to do if you have confirmed or suspected coronavirus disease (COVID-19) (PDF) . What to do if you were potentially exposed to someone with confirmed coronavirus disease (COVID-19) (PDF). What to do if you have symptoms of coronavirus disease 2019,qa
qa,who is most at risk of covid 19,children do not appear to be at higher risk for COVID-19 than adults,qa
qa,Where did Covid come from,it is only passing person-to-person currently,qa
qa,How effective are masks at protecting yourself,"only helpful in preventing people who have coronavirus (COVID19) from spreading it to others. If the person is healthy, there is likely no need for them to wear a face mask - as there is little evidence showing that these masks used by healthy people will prevent transmission to public",qa
qa,Do you think there will be a vaccine for Covid-19,"At this time, there is no vaccine for COVID-19",qa
qa,Hi how are you,"as long as you are not sick and contagious. Donated blood is always needed, so if you are well and eligible, please consider donating",qa
qa,can you get covid more than once,quarantine yourself for at least 14 days,qa
qa,What medication should I take,"regular and thorough hand washing, proper coughing and sneezing as well as keeping your distance from sick persons",qa
qa,Who is most at risk,children do not appear to be at higher risk for COVID-19 than adults,qa
qa,What are the symptoms,guidance available for people who have or think they may have COVID-19:. What to do if you have confirmed or suspected coronavirus disease (COVID-19) (PDF) . What to do if you were potentially exposed to someone with confirmed coronavirus disease (COVID-19) (PDF). What to do if you have symptoms of coronavirus disease 2019 (COVID-19) and have not been around anyone who has been diagnosed with COVID-19,qa
qa,does coronavirus survive hot temperatures,no evidence that COVID-19 can be spread to humans through the use of pools and hot tubs,qa
qa,Is the virus a hoax so the government can gain control,Someone who is actively sick with COVID-19 can spread the illness to others,qa
qa,Is USA making a vaccine,"decision may be based on multiple factors including severity of illness, need for testing, and appropriateness of home for isolation purposes",qa
qa,Where did covid originate,it is only passing person-to-person currently,qa
qa,Is packaging from a supermarket safe,"there is no evidence of food or food packaging being associated with transmission of COVID-19. Like other viruses, it is possible that the virus that causes COVID-19 can survive on surfaces or objects. For that reason, it is critical to wash your hands often, including utensils. Currently, there is no evidence of food or food packaging being associated with transmission of COVID-19",qa
qa,How many people have died from covid-19,"unlike influenza, there is no vaccine and no specific treatment for the disease",qa
qa,Should I wear any particular type of facemask,all recommended PPE,qa
qa,where did covid 19 come from,someone who has been released from quarantine is not at risk of spreading it to others because they did not develop COVID-19 during that period,qa
qa,What is the rate of infection in the UK,1 in every 1 000 people who are infected,qa
qa,How long does the virus typically last,it is not possible to predict how long the outbreak will last,qa
qa,Not what i asked,We have guidance available for people who have or think they may have COVID-19,qa
qa,How is Covid spread,there is no evidence to support transmission of COVID-19 through imported goods,qa
qa,How many cases have there been worldwide,"We cannot anticipate the impact this will have on Germany. It could be more severe than a serious wave of influenza; progression could, however, also be much milder. There is no way to predict this",qa
qa,What distance should people stand apart to minimize COVID-19 transmission,"avoiding non-essential gatherings avoiding common greetings, such as handshakes avoiding crowded places such as concerts, arenas, conferences and festivals limiting contact with people at higher risk like older adults and those in poor health keeping a distance of at least 2 arms-length (approximately 6 feet) from others",qa
qa,Why do they tell you to wear masks when masks aren't proven to work,if a healthcare professional recommends it,qa
qa,How serious is it,about 1 in every 5 people who catch it need hospital care,qa
qa,what were all of the symptoms,We have guidance available for people who have or think they may have COVID-19:. What to do if you have confirmed or suspected coronavirus disease (COVID-19) (PDF) . What to do if you were potentially exposed to someone with confirmed coronavirus disease (COVID-19) (PDF). What to do if you have symptoms of coronavirus disease 2019 (COVID-19) and have not been around anyone who has been diagnosed with COVID-19,qa
qa,Can young people get severe symptoms even if they don't have any underlying conditions,Stay home and call your health care provider,qa
qa,How many people will get covid,We cannot anticipate the impact this will have on Germany.,qa
qa,What are the main symptoms of Covid-19,there is no evidence to support transmission of COVID-19 associated with food,qa
qa,when does the current lock down end in the UK,"unlike influenza, there is no vaccine and no specific treatment for the disease",qa
qa,how can the spread of the disease be prevented,respiratory droplets that come from coughing or sneezing,qa
qa,Where did it originate,it is only passing person-to-person currently,qa
qa,How many people will need intensive care,about 1 in every 5 people who catch it need hospital care,qa
qa,I'm not sure if I have Covid-19,Smoking. Wearing multiple masks. Taking antibiotics,qa
qa,What are the symptoms for Covid,We have guidance available for people who have or think they may have COVID-19:. What to do if you have confirmed or suspected coronavirus disease (COVID-19) (PDF) . What to do if you were potentially exposed to someone with confirmed coronavirus disease (COVID-19) (PDF). What to do if you have symptoms of coronavirus disease 2019 (COVID-19) and have not been around anyone who has been diagnosed with COVID-19,qa
qa,What country has been effected the most by COVID,We have guidance available for people who have or think they may have COVID-19:. What to do if you have confirmed or suspected coronavirus disease (COVID-19) (PDF) . What to do if you were potentially exposed to someone with confirmed coronavirus disease (COVID-19) (PDF). What to do if you have symptoms of coronavirus disease 2019 (COVID-19) and have not been around anyone who has been diagnosed with COVID-19 (PDF),qa
qa,Why has toilet paper become so popular,"Unlike SARS, in COVID19 patients become highly infectious before they become seriously ill, explaining at least in part why Covid-19 acts like a super-SARS.",qa
qa,Why is it tjay covid does not affect children so much,COVID-19 does not affect children nearly as much as it affects adults,qa
qa,what are the symptoms,guidance available for people who have or think they may have COVID-19:. What to do if you have confirmed or suspected coronavirus disease (COVID-19) (PDF) . What to do if you were potentially exposed to someone with confirmed coronavirus disease (COVID-19) (PDF). What to do if you have symptoms of coronavirus disease 2019 (COVID-19) and have not been around anyone who has been diagnosed with COVID-19,qa
qa,If my wife is diagnosed with Covid 19... should I self isolate for 7 days,self-monitor if you have no symptoms and may have been exposed to COVID-19 in the last 14 days or are in close contact with older adults or people who are medically vulnerable or have been asked to do so by your Public Health Authority.,qa
qa,What are the symptoms of COVID-19,We have guidance available for people who have or think they may have COVID-19:. What to do if you have confirmed or suspected coronavirus disease (COVID-19) (PDF) . What to do if you were potentially exposed to someone with confirmed coronavirus disease (COVID-19) (PDF). What to do if you have symptoms of coronavirus disease 2019 (COVID-19) and have not been around anyone who has been diagnosed with COVID-19 (PDF),qa
qa,How many people have died from the virus around the world,"unlike influenza, there is no vaccine and no specific treatment for the disease",qa
qa,Is there a cure,there is no evidence that current medicine can prevent or cure the disease,qa
qa,What are the main ways of transmission between people,Droplet infection is the main mode of transmission,qa
qa,Why did you only think about Germany,"In 2003, Germany recorded a small number of SARS cases",qa
qa,How many people were infected by COVID-19,"The risk of being infected on an airplane cannot be excluded, but is currently considered to be low for an individual traveller",qa
qa,Is social distancing effective,"Non-essential gatherings must be limited to no more than 250 people, while smaller events can proceed only if the organizers can implement social distancing of 6 feet per person",qa
qa,I'd like to know more about Covid,a new coronavirus that we have not seen previously,qa
qa,what to do if you were potentially exposed to someone,We have guidance available for people who have or think they may have COVID-19:. What to do if you have confirmed or suspected coronavirus disease (COVID-19) (PDF) . What to do if you were potentially exposed to someone with confirmed coronavirus disease (COVID-19) (PDF). What to do if you have symptoms of coronavirus disease 2019 (COVID-19) and have not been around anyone who has been diagnosed with COVID-19 (PDF),qa
qa,Specically can you get covid more than once,quarantine yourself for at least 14 days,qa
qa,Yes this is correct,as long as you are not sick and contagious,qa
qa,What is the incubation period for Covid,not yet known,qa
qa,What does a 'mild' case of COVID-19 mean,"this is a recommended practice and does not mean that if you maintain a six foot difference from everyone, you will not get the virus",qa
qa,Will I get a government payment if I have to self isolate,"Self-isolate means: stay home and keep your distance from others do not have visitors, especially older adults, or those with medical conditions who are at a higher risk of developing serious illness Monitor your health for fever, cough or difficulty breathing. Wash your hands often with soap and warm water for 20 seconds, or use an alcohol-based hand sanitizer if soap and water are not available. Cover your mouth and nose with your arm when coughing or sneezing. If you develop a fever, cough or difficulty breathing within 14 days: Continue to isolate yourself from others Immediately call a health care professional or public health authority and: describe your symptoms and travel history follow their instructions carefully",qa
qa,what is the isolation period for someone displaying symptoms of covid-19,14 days,qa
qa,when did covid-19 first appear,"Review, update, and implement school emergency operation plans, particularly for infectious disease outbreaks..",qa
qa,Why is that,"Unlike SARS, in COVID19 patients become highly infectious before they become seriously ill, explaining at least in part why Covid-19 acts like a super-SARS.",qa
qa,when will covid be over,it is unclear over what period of time this will take place,qa
qa,What are the symptoms of Covid-19,We have guidance available for people who have or think they may have COVID-19:. What to do if you have confirmed or suspected coronavirus disease (COVID-19) (PDF) . What to do if you were potentially exposed to someone with confirmed coronavirus disease (COVID-19) (PDF). What to do if you have symptoms of coronavirus disease 2019 (COVID-19) and have not been around anyone who has been diagnosed with COVID-19 (PDF),qa
qa,How much safer are children than adults,"The symptoms of COVID-19 are similar in children and adults. However, children with confirmed COVID-19 have generally presented with mild symptoms. Reported symptoms in children include cold-like symptoms, such as fever, runny nose, and cough. Vomiting and diarrhea have also been reported. It's not known yet whether some children may be at higher risk for severe illness, for example, children with underlying medical conditions and special healthcare needs. There is much more to be learned about how the disease impacts children",qa
qa,Is there a vaccine being developed for covid,"As yet, there is no vaccine available",qa
qa,how is coivd different from sars,the diseases they cause are quite different,qa
qa,Where did covid come from,it is only passing person-to-person currently,qa
qa,What is IPC,guidance available for people who have or think they may have COVID-19,qa
qa,How long is the intubation period,it is not possible to predict how long the outbreak will last,qa
qa,What is the guidance for getting covid twice,"Most of the time, this guidance is provided through travel health notices and is based on the potential health risks associated with traveling to a certain destination",qa
qa,How long should you stay at home if you have the coronavirus,"stock up on supplies; take everyday precautions to keep space between yourself and others; when you go out in public, keep away from others who are sick; limit close contact and wash your hands often; and avoid crowds, cruise travel, and non-essential travel. If there is an outbreak in your community, stay home as much as possible. Watch for symptoms and emergency signs. Watch for symptoms and emergency signs. If you get sick, stay home and call your doctor",qa
qa,This did not answer my question. Can you please reply with relevant answers,Smoking. Wearing multiple masks. Taking antibiotics,qa
qa,did i get covid>,it is only passing person-to-person currently,qa
qa,What age range does COVID affect the most,Most estimates of the incubation period for COVID-19 range from 1-14 days,qa
qa,How are you,as long as you are not sick and contagious,qa
qa,Is there any treatment for COVID-19,no available data from observational studies or randomized controlled trials in humans to support recommending any investigational therapeutics for patients with confirmed or suspected COVID-19 at this time,qa
qa,how deadly is covid-19,SARS was more deadly but much less infectious than COVID-19,qa
qa,What kind of disease is Covid,We have guidance available for people who have or think they may have COVID-19:. What to do if you have confirmed or suspected coronavirus disease (COVID-19) (PDF) . What to do if you were potentially exposed to someone with confirmed coronavirus disease,qa
qa,how many people have died,"We cannot anticipate the impact this will have on Germany. It could be more severe than a serious wave of influenza; progression could, however, also be much milder. There is no way to predict this",qa
qa,how dangerous is covid,there is little evidence showing that these masks used by healthy people will prevent transmission to the public,qa
qa,What precautions can I take other than washing my hands more,"regular and thorough hand washing, proper coughing and sneezing as well as keeping your distance from sick persons",qa
qa,How long is the incubation period,14 days,qa
qa,How many people have recovered,"We cannot anticipate the impact this will have on Germany. It could be more severe than a serious wave of influenza; progression could, however, also be much milder. There is no way to predict this",qa
qa,when was COVID-19 first identified,Wuhan China,qa
qa,What is IPC,guidance available for people who have or think they may have COVID-19,qa
qa,Is a vaccine available,"As yet, there is no vaccine available",qa
qa,What do you do if you get covid-19,website about what to do if you get sick.,qa
qa,How long are you contagious for,as long as you are not sick and contagious,qa
qa,What does proper coughing and sneezing mean,"avoiding non-essential gatherings avoiding common greetings, such as handshakes avoiding crowded places such as concerts, arenas, conferences and festivals limiting contact with people at higher risk like older adults and those in poor health keeping a distance of at least 2 arms-length (approximately 6 feet) from others",qa
qa,Chat a bit ropey,your health care provider may recommend you wear a mask if you are experiencing symptoms of COVID-19 while you are seeking or waiting for care,qa
qa,This answer did not make much sense and was the same as the last answer.,the virus that causes COVID-19 is mainly transmitted through contact with respiratory droplets rather than through the air,qa
qa,when will a vaccination be in place,When You're Home,qa
qa,Why are some people asymptomatic,"It has shown some promise in a few cases, but needs to be tested among many more people",qa
qa,Who is most at risk of COVID-19,children do not appear to be at higher risk for COVID-19 than adults,qa
qa,how many people have been infected worldwide with covid 19,"The risk of being infected on an airplane cannot be excluded, but is currently considered to be low for an individual traveller",qa
qa,can i safely go to restaurants,keep up with local news media sources,qa
qa,What are some common symptoms of COVID-19,"fever, tiredness and dry cough",qa
qa,Is COVID-19 similar to SARS and MERS,"SARS-CoV-2 RNA may be detectable in the upper or lower respiratory tract for weeks after illness onset, similar to infection with MERS-CoV and SARS-CoV.",qa
qa,How has this impacted the UK,"Local health officials' recommendations for the scope (e.g., a single school, a full district) and duration of school dismissals will be made on a case-by-case basis based on the most up-to-date information about COVID-19 and the specific cases in the impacted community",qa
qa,What are Covid symptoms,guidance available for people who have or think they may have COVID-19:. What to do if you have confirmed or suspected coronavirus disease (COVID-19) (PDF) . What to do if you were potentially exposed to someone with confirmed coronavirus disease (COVID-19) (PDF). What to do if you have symptoms of coronavirus disease 2019 (COVID-19) and have not been around anyone who has been diagnosed with COVID-19,qa
qa,Where and when was Covid first found,"Wuhan City, Hubei Province, China",qa
qa,is a runny nose a symptom of covid,"fever, runny nose, and cough. Vomiting and diarrhea have also been reported",qa
qa,What does ICP mean,"it means is to stay at home as much as possible, and limit your outside exposure",qa
qa,How long until a vaccine will become available,it is not possible to predict how long the outbreak will last,qa
qa,Where did the virus originate from,it is only passing person-to-person currently,qa
qa,Covid-19 can be spread  by anyone with the illness whether they have symptoms or not,Stay home and call your health care provider,qa
qa,are children at risk,It's not known yet whether some children may be at higher risk for severe illness,qa
qa,what is the risk of catching covid outdoors,"For people living in, or visiting, these areas the risk of catching COVID-19 is higher",qa
qa,What happens if I go within 6 feet of someone,"avoiding non-essential gatherings avoiding common greetings, such as handshakes avoiding crowded places such as concerts, arenas, conferences and festivals limiting contact with people at higher risk like older adults and those in poor health keeping a distance of at least 2 arms-length (approximately 6 feet) from others  For example - if you need to go grocery shopping, limit to once a week. If you go on walks, make sure you maintain a 6 foot distance between yourself and others",qa
qa,What is long covid,What to do if you have confirmed or suspected coronavirus disease (COVID-19) (PDF) . What to do if you were potentially exposed to someone with confirmed coronavirus disease (COVID-19) (PDF). What to do if you have symptoms of coronavirus disease 2019 (COVID-19) and have not been around anyone who has been diagnosed with COVID-19,qa
qa,is the rate decreasing,the mortality rate for COVID-19 is 20-30 per thousand people diagnosed,qa
qa,can i catch covid again,People can also catch COVID-19 if they breathe in droplets from a person with COVID-19 who coughs out or exhales droplets,qa
qa,How does the virus pass onto another person,"respiratory droplets that come from coughing or sneezing. If these droplets from an infected person reach another person through the nose, eyes, or mouth it can transmit the disease",qa
qa,is there a cure for covid,there is no evidence that current medicine can prevent or cure the disease,qa
qa,What is the current WHO advice,consulting a healthcare provider by telephone for advice,qa
qa,Should weddings go ahead during the pandemic,"gloves, safety glasses, shoes, earplugs or muffs, hard hats, respirators, coveralls, etc.",qa
qa,is there a cure,there is no evidence that current medicine can prevent or cure the disease,qa
qa,can covid be passedon through food,there is no evidence to support transmission of COVID-19 associated with food,qa
qa,Is a vaccine due soon,"As yet, there is no vaccine available",qa
qa,Yes you must self-quarantine as soon as symptoms present.,there is no evidence that current medicine can prevent or cure the disease,qa
qa,What does the WHO say is a safe distance,"avoiding non-essential gatherings avoiding common greetings, such as handshakes avoiding crowded places such as concerts, arenas, conferences and festivals limiting contact with people at higher risk like older adults and those in poor health keeping a distance of at least 2 arms-length (approximately 6 feet) from others",qa
qa,how long can symptoms last,it is not possible to predict how long the outbreak will last,qa
qa,What are ways of preventing Covid transmission,"checking people at the airport (known as entry screening) is not very effective in preventing the spread of the virus, especially when people do not have symptoms.",qa
qa,when will there be a vaccine,"At this time, there is no vaccine for COVID-19",qa
qa,When will it be available,CDC will continue to provide updated information as it becomes available,qa
qa,"I know how Covid-19 is transmitted, but I'm not sure if I have caught it. What are the symptoms","There is not enough epidemiological information at this time to determine how easily and sustainably this virus spreads between people, but it is currently estimated that, on average, one infected person will infect between two and three more. The virus seems to be transmitted mainly via respiratory droplets that people sneeze, cough, or exhale",qa
qa,how long can the droplets stay on surfaces,we are still not sure how long it is in the air for,qa
qa,How long is the incubation period,14 days,qa
qa,will i die if i get covid,"regular and thorough hand washing, proper coughing and sneezing as well as keeping your distance from sick persons",qa
qa,Why don't children get it so much,the extent to which children play a role in the transmission of the virus is still unknown,qa
qa,"Trail vaccines are being tested currently, but no at the moment nothing can cure covid-19","To date, there is no vaccine and no specific antiviral medicine to prevent or treat COVID-2019",qa
qa,Are rate of transmission monitored separately in healthcare settings,See the Interim Infection Prevention and Control Recommendations for Patients with Known or Patients Under Investigation for Coronavirus Disease 2019 (COVID-19) in Healthcare Settings,qa
qa,how severe is covid,"We cannot anticipate the impact this will have on Germany. It could be more severe than a serious wave of influenza; progression could, however, also be much milder. There is no way to predict this",qa
qa,What are the recommendations for travel for family illness,"Avoid contact with sick people.. Avoid touching your eyes, nose, or mouth with unwashed hands.. Wash your hands often with soap and water for at least 20 seconds or using an alcohol-based hand sanitizer that contains at least 60% alcohol. Soap and water should be used if hands are visibly dirty..",qa
qa,If a person catches Covid how long will they have it,we are still not sure how long it is in the air for,qa
qa,How many people have died from Covid so far,most known cases so far have primairly been adults,qa
qa,What are symptoms of Covid19,COVID19 is a novel coronavirus that has been recently identified,qa
qa,Is anyone immune to Covid,it is not yet known whether similar immune protection will be observed for patients with COVID-19,qa
qa,what are the restrictions for dining out,"strict and increasingly more drastic restrictions in international air and other travel, worldwide restrictions on admission, quarantine measures and restrictions on public life in many countries",qa
qa,are children a high risk group,"extracurricular group activities and large events, such as performances, field trips, and sporting events should also be cancelled",qa
qa,what about monitoring healthcare professionals and transmission,Interim Guidance for Healthcare Professionals,qa
qa,what is the best way to tackle covid-19 spread in healthcare settings,there is no evidence to support transmission of COVID-19 associated with food,qa
qa,how can i prevent myself getting covid,"regular and thorough hand washing, proper coughing and sneezing as well as keeping your distance from sick persons",qa
qa,If you have had covid once can you catch it again,quarantine yourself for at least 14 days,qa
qa,how many cases are there in the uk,"between 15 000 and 75 000 people die prematurely due to causes associated with seasonal influenza each year in the EU, the UK, Norway, Iceland and Liechtenstein. This is approximately 1 in every 1 000 people who are infected",qa
qa,"can you be in an office, 6 feet apart without a mask",travel restrictions and entry screening only apply to travelers arriving from countries with a level 3 travel health notice,qa
qa,How does someone contract the virus,mainly transmitted through contact with respiratory droplets rather than through the air,qa
qa,how do I avoid getting Covid-19,"regular and thorough hand washing, proper coughing and sneezing as well as keeping your distance from sick persons",qa
qa,have other ground zero's been considered for initial covid spread,we are still not sure how long it is in the air for,qa
qa,What is the best way to prevent the spread of covid,avoid being exposed to the virus and use good hand hygiene,qa
qa,When will the vaccine be available for the public,"As yet, there is no vaccine available",qa
qa,What does IPC mean,"it means is to stay at home as much as possible, and limit your outside exposure",qa
qa,should a person wear gloves when in airports,"Follow the manufacturer's instructions for all cleaning and disinfection products (e.g., concentration, application method and contact time, etc.). Wear disposable nitrile gloves when handling the body bag",qa
qa,how many cases of corona virus are there in the uk,"between 15 000 and 75 000 people die prematurely due to causes associated with seasonal influenza each year in the EU, the UK, Norway, Iceland and Liechtenstein. This is approximately 1 in every 1 000 people who are infected",qa
qa,Hi do face masks prevent transmission,if a healthcare professional recommends it,qa
qa,What are the primary symptoms of Covid,We have guidance available for people who have or think they may have COVID-19:. What to do if you have confirmed or suspected coronavirus disease (COVID-19) (PDF) . What to do if you were potentially exposed to someone with confirmed coronavirus disease (COVID-19) (PDF). What to do if you have symptoms of coronavirus disease 2019 (COVID-19) and have not been around anyone who has been diagnosed with COVID-19,qa
qa,Do you have to quarantine if you have no symptoms,quarantine yourself so that you don't spread the disease further,qa
qa,what percentage of infected persons are hospitalised with Covid-19,The percentage of asymptomatic cases is unclear,qa
qa,What is the best product for sanitizing your face,"most effective practice when used in combination with frequent hand-washing with soap and water, or with an alcohol-based hand sanitizer",qa
qa,how far can droplets travel and infect people,it is now spreading from person to person (human-to-human transmission). There is not enough epidemiological information at this time to determine how easily and sustainably this virus spreads between people,qa
qa,whe was covid 19 identified,2019,qa
qa,What are the symptoms,guidance available for people who have or think they may have COVID-19:. What to do if you have confirmed or suspected coronavirus disease (COVID-19) (PDF) . What to do if you were potentially exposed to someone with confirmed coronavirus disease (COVID-19) (PDF). What to do if you have symptoms of coronavirus disease 2019 (COVID-19) and have not been around anyone who has been diagnosed with COVID-19,qa
qa,Is a vaccine available,"As yet, there is no vaccine available",qa
qa,the wider population should be preventing the illness by taking drugs even if they are not ill,your health care provider may recommend you wear a mask if you are experiencing symptoms of COVID-19 while you are seeking or waiting for care,qa
qa,Are there any vaccine,"It will, however, take months or years before any vaccine can be widely used",qa
qa,what is the study for,A large study from China suggested that just over 2% of cases were under 18 years of age.,qa
qa,what are the symptoms of corona virus,"virus (VI), and disease",qa
qa,What is IPC,guidance available for people who have or think they may have COVID-19,qa
qa,Where did Covid-19 come from,someone who has been released from quarantine is not at risk of spreading it to others because they did not develop COVID-19 during that period,qa
qa,"people to people, meaning physical or close contact for a period of time",not considered a risk,qa
qa,What is coronavirus,guidance available for people who have or think they may have COVID-19:. What to do if you have confirmed or suspected coronavirus disease (COVID-19) (PDF) . What to do if you were potentially exposed to someone with confirmed coronavirus disease (COVID-19) (PDF). What to do if you have symptoms of coronavirus disease 2019,qa
qa,what about children,Children can become sick with it,qa
qa,who is most affected by corona virus,COVID-19 outbreak is primarily associated with spread from person to person,qa
qa,babies,it is not clear that these outcomes were related to maternal infection,qa
qa,Incubation period,"Most estimates of the incubation period for COVID-19 range from 1-14 days, most commonly around five days",qa
qa,What are some of the symptoms of COVID-19,We have guidance available for people who have or think they may have COVID-19:. What to do if you have confirmed or suspected coronavirus disease (COVID-19) (PDF) . What to do if you were potentially exposed to someone with confirmed coronavirus disease (COVID-19) (PDF). What to do if you have symptoms of coronavirus disease 2019 (COVID-19) and have not been around anyone who has been diagnosed with COVID-19 (PDF),qa
qa,have any child died from it,"talk with your child about what's going on. This is a stressful time for both children and adults, and children definitely will have questions. Talk to them about the outbreak, stay calm, and reassure them that they are safe.",qa
qa,What is tracing,We have guidance available for people who have or think they may have COVID-19:. What to do if you have confirmed or suspected coronavirus disease (COVID-19) (PDF) . What to do if you were potentially exposed to someone with confirmed coronavirus disease (COVID-19) (PDF). What to do if you have symptoms of coronavirus disease 2019 (COVID-19) and have not been around anyone who has been diagnosed with COVID-19,qa
qa,is paracetomol an effective medication,there is no evidence that current medicine can prevent or cure the disease,qa
qa,How long yo self isolate,Self-isolate for 14 days,qa
qa,are children susceptible,"Coronaviruses are susceptible to the same disinfection conditions in community and healthcare settings as other viruses, so current disinfection conditions in wastewater treatment facilities are expected to be sufficient",qa
qa,death of children from covid,"Talk with your children about the outbreak, try to stay calm, and reassure them that they are safe.",qa
qa,What is SARS,Severe Acute Respiratory Syndrome Coronavirus 2,qa
qa,What is MERS,"Existing literature regarding SARS-CoV-2 and other coronaviruses (e.g. MERS-CoV, SARS-CoV) suggest that the incubation period may range from 2–14 days",qa
qa,what is the survival rate for an infected middle aged overweight person,"person-to-person spread can happen on a continuum. Some viruses are highly contagious (like measles), while other viruses are less so.. . The virus that causes COVID-19 seems to be spreading easily and sustainably",qa
qa,How is covid-19 transmitted,contact with respiratory droplets rather than through the air,qa
qa,Where did covid-19 originate,it is only passing person-to-person currently,qa
qa,How does covid spread,See previous answer on “How does COVID-19 spread,qa
qa,What are some ways to prevent the spread of COVID-19 infection,"most effective ways to protect yourself and others against COVID-19 are to frequently clean your hands, cover your cough with the bend of elbow or tissue, and maintain a distance of at least 1 meter (3 feet) from people who are coughing or sneezing",qa
qa,what are the symptoms of covid,We have guidance available for people who have or think they may have COVID-19:. What to do if you have confirmed or suspected coronavirus disease (COVID-19) (PDF) . What to do if you were potentially exposed to someone with confirmed coronavirus disease (COVID-19) (PDF). What to do if you have symptoms of coronavirus disease 2019 (COVID-19) and have not been around anyone who has been diagnosed with COVID-19,qa
qa,Self isolate for how long,Self-isolate for 14 days,qa
qa,What are Covid 19 symptoms,guidance available for people who have or think they may have COVID-19:. What to do if you have confirmed or suspected coronavirus disease (COVID-19) (PDF) . What to do if you were potentially exposed to someone with confirmed coronavirus disease (COVID-19) (PDF). What to do if you have symptoms of coronavirus disease 2019 (COVID-19) and have not been around anyone who has been diagnosed with COVID-19,qa
qa,What is coronavirus,guidance available for people who have or think they may have COVID-19:. What to do if you have confirmed or suspected coronavirus disease (COVID-19) (PDF) . What to do if you were potentially exposed to someone with confirmed coronavirus disease (COVID-19) (PDF). What to do if you have symptoms of coronavirus disease 2019,qa
qa,What are the symtoms,guidance available for people who have or think they may have COVID-19:. What to do if you have confirmed or suspected coronavirus disease (COVID-19) (PDF) . What to do if you were potentially exposed to someone with confirmed coronavirus disease (COVID-19) (PDF). What to do if you have symptoms of coronavirus disease 2019 (COVID-19) and have not been around anyone who has been diagnosed with COVID-19 (PDF),qa
qa,How is COVID-19 transmitted,contact with respiratory droplets rather than through the air,qa
qa,how many have died due to covid,about 3 000 died,qa
qa,What is tracing,We have guidance available for people who have or think they may have COVID-19:. What to do if you have confirmed or suspected coronavirus disease (COVID-19) (PDF) . What to do if you were potentially exposed to someone with confirmed coronavirus disease (COVID-19) (PDF). What to do if you have symptoms of coronavirus disease 2019 (COVID-19) and have not been around anyone who has been diagnosed with COVID-19,qa
qa,How does it spread,through respiratory droplets that come from coughing or sneezing,qa
qa,What are IPC priorities,guidance available for people who have or think they may have COVID-19:. What to do if you have confirmed or suspected coronavirus disease (COVID-19) (PDF) . What to do if you were potentially exposed to someone with confirmed coronavirus disease (COVID-19) (PDF). What to do if you have symptoms of coronavirus disease 2019 (COVID-19) and have not been around anyone who has been diagnosed with COVID-19,qa
qa,What are the Control and Prevention measures,the following general order by the Federal Police applies:. . Railway companies operating public passenger long-distance and regional trains are required to notify the command and location service of the Federal Police of suspected COVID-19 cases immediately,qa
qa,What is the probability of transmission if someone infected was wearing a mask,there is little evidence showing that these masks used by healthy people will prevent transmission to public,qa
qa,How many patients have a cough with covid,"mild to severe respiratory illness with fever, cough, and difficulty breathing",qa
qa,Where did Covid 19 originate,it is only passing person-to-person currently,qa
qa,"preventative measures have been used to help support the healthcare services, how effective are these at reducing the load","most effective practice when used in combination with frequent hand-washing with soap and water, or with an alcohol-based hand sanitizer",qa
qa,"It has been thinking for a while now, so i will ask another question if thats alright. How can we end the pandemic","the Director-General of WHO declared the spate of infections cuased by SARS-CoV-2 (COVID-19) a pandemic.. . This declaration of a pandemic by WHO has no direct impact on the preparation and measures being conducted in Germany. Germany has taken the situation very seriously from the outset and also conducted the same measures that WHO is now emphasising once again. These are:. . Inform the population on the risks posed by the disease. . Inform the population on how each individual can protect him/herself and appeal to everyone to do so. . Do everything to find, isolate, test and treat every case, as well as locate every contact person, so as to prevent further spread of the disease",qa
qa,Do masks work to prevent infection,"Antibiotics do not work against viruses, they only work on bacterial infections. COVID-19 is caused by a virus, so antibiotics do not work",qa
qa,does wearing a mask help to prevent infections,there is little evidence showing that these masks used by healthy people will prevent transmission to public,qa
qa,How is covid compared to swine flu or sars,a new coronavirus that we have not seen previously,qa
qa,can someone get Covid19 for the second time,call your state or local health department or a medical provider,qa
qa,Which city is doing the best in regards to infections,Wuhan City,qa
qa,How many people have been infected in Canada,"The risk of being infected on an airplane cannot be excluded, but is currently considered to be low for an individual traveller",qa
qa,What is IPC,guidance available for people who have or think they may have COVID-19,qa
qa,What is the best way to avoid getting infected.,use an alcohol based hand sanitizer that has at least 60% alcohol.,qa
qa,Can the Covid19 survive under the heat,COVID19 is a novel coronavirus that has been recently identified,qa
qa,How can I catch it,about 1 in every 5 people who catch it need hospital care,qa
qa,Is it infectious,whether infectious virus is present in extrapulmonary specimens is currently unknown,qa
qa,Why should I wear a mask,if a healthcare professional recommends it,qa
qa,How far should I stay away from people,"stock up on supplies; take everyday precautions to keep space between yourself and others; when you go out in public, keep away from others who are sick; limit close contact and wash your hands often; and avoid crowds, cruise travel, and non-essential travel.",qa
qa,Where did Covid 19 orginate,it is only passing person-to-person currently,qa
qa,What is a symptom of Covid 19,"the quarantine period is 14 days, or two weeks, from date of possible exposure. It is 14 days because that is what the period of time has been for other coronaviruses.   Currently, someone who has been released from quarantine is not at risk of spreading it to others because they did not develop COVID-19 during that period",qa
qa,Sounds good.,wash your hands frequently and thoroughly,qa
qa,How is Covid transmitted,respiratory droplets,qa
qa,How do I be safe during this pandemic,"as long as you are not sick and contagious. Donated blood is always needed, so if you are well and eligible, please consider donating. Blood centers, like the Red Cross, are being given guidance by CDC on how to keep donors and staff safe during this process",qa
qa,Should I wear a mask,only wear a face mask if a healthcare professional recommends it,qa
qa,What is a symptom,"What it means is to stay at home as much as possible, and limit your outside exposure",qa
qa,Is giving blood a good idea,"as long as you are not sick and contagious. Donated blood is always needed, so if you are well and eligible, please consider donating",qa
qa,What should I do if I get COVID-19,CDC's website about what to do if you get sick,qa
qa,How long do people quarantine for,at least 14 days,qa
qa,When will there be a vaccine for COVID-19,"At this time, there is no vaccine",qa
qa,Who is most prone to COVID-19,"where you  are - and more specifically, whether there is a COVID-19 outbreak unfolding there.. . For most people in most locations the risk of catching COVID-19 is still low",qa
qa,How deadly is COVID-19,SARS was more deadly but much less infectious than COVID-19,qa
qa,Symptom of Covid 19,"The amount of virus released from the body (shed) in stool, how long the virus is shed, and whether the virus in stool is infectious are not known",qa
qa,How is Covid transmitted,respiratory droplets,qa
qa,Where did Covid orginate from,"an animal source, it is only passing person-to-person currently",qa
qa,Does everyone get symptoms,"this is a recommended practice and does not mean that if you maintain a six foot difference from everyone, you will not get the virus",qa
qa,Completed,"I'm sorry, but I don't seem to have a solid answer for that.. :(",qa
qa,Hello! What is IPC,CDC's website,qa
qa,Where did this strand of Coronavirus originate from,"an animal source, it is only passing person-to-person currently",qa
qa,Was China the cause of the outbreak,China's WHO country office was informed of a cluster of patients with pneumonia of unknown cause,qa
qa,Which animals were said to have been the source of Coronavirus,COVID-19 is likely due to an animal coronavirus being able to infect and spread among people,qa
qa,Why is it called COVID-19,"It has shown some promise in a few cases, but needs to be tested among many more people",qa
qa,What is coronavirus,CDC's website,qa
qa,How do I know I have coronavirus,There is still a lot to learn about how weather and temperature impact spread,qa
qa,Is there any cure for coronavirus,there is no evidence that current medicine can prevent or cure the disease,qa
qa,What are the symptoms of coronavirus,"a type of virus - there are many kinds, and some of them can cause disease",qa
qa,how can I prevent contacting coronavirus,call their health care provider before seeking care,qa
qa,Where di COVID-19 comefrom,risk depends on where you  are,qa
qa,How old is the average person who dies from COVID,"it is currently estimated that, on average, one infected person will infect between two and three more",qa
qa,WHat is the treatment,"Treatment of the infection depends on the severity of the disease presentation (e.g administering oxygen, maintaining fluid balance, if necessary administering antibiotics to combat bacterial co-infections) and also includes the treatment of relevant underlying chronic illnesses",qa
qa,When did they find out a new virus had developed,11-Feb,qa
qa,Is there a vaccine,"At this time, there is no vaccine for COVID-19",qa